上位のクエリ,クリック数,表示回数,CTR,掲載順位
排出削減が困難な産業におけるエネルギー・製造プロセス転換支援事業,3,32,9.38%,7.72
居宅介護支援事業所事務職員雇用支援事業,2,58,3.45%,4.79
豊橋市 給付金(7万円 最新 情報),2,57,3.51%,8.72
感震ブレーカー補助金,2,31,6.45%,1.26
いすみ市 エネルギー補助金,2,13,15.38%,6
フォークリフト 購入 補助金 2025,2,12,16.67%,4.83
板橋区 給付金 令和7年,2,12,16.67%,8.08
災害時給油所地下タンク製品備蓄促進支援事業,2,8,25%,12.25
東京都 電子処方箋 補助金,1,52,1.92%,8.69
福岡県 電気 自動車 補助金 2025,1,42,2.38%,2.48
三郷市 エアコン 補助金,1,30,3.33%,6.53
こども誰でも通園制度 杉並区,1,29,3.45%,7.03
電子処方箋 補助金 東京都,1,25,4%,5.36
東京都 おこめクーポン 2025,1,23,4.35%,6.48
千代田区 ギフトカード 使い方,1,23,4.35%,10.39
三郷市 補助金 家電,1,21,4.76%,7.9
誰でも通園制度 杉並区,1,20,5%,6.15
小牧市太陽光補助金,1,15,6.67%,6.07
目黒区 感震ブレーカー,1,14,7.14%,4
高校生 等奨学給付金支給日 いつ 2025,1,14,7.14%,7
富士見市 太陽光 補助金,1,13,7.69%,6
羽生市 リフォーム補助金,1,12,8.33%,6.58
pmh 補助金 東京都,1,12,8.33%,6.67
北九州 市電気 自動車 補助金 2025,1,11,9.09%,1
墨田区 ヘルメット 補助金,1,10,10%,2.2
川越市 エアコン 補助金 2025,1,10,10%,5.8
秋田県 省エネ 家電 補助金 申請 方法,1,10,10%,9
鴻巣市 防犯カメラ 補助金,1,9,11.11%,4.33
移動支援,1,9,11.11%,8.22
大田区 インターホン 補助金,1,9,11.11%,8.67
秋田 家電 補助金,1,8,12.5%,7.5
進学・就職準備給付金,1,8,12.5%,9
省エネ家電 補助金 2025,1,7,14.29%,4.57
三原市 防犯カメラ 補助金,1,7,14.29%,6.43
泉大津市 電動自転車 補助金,1,6,16.67%,2.67
港区 防犯 補助金,1,6,16.67%,5.33
座間市 防犯カメラ 補助金,1,6,16.67%,5.5
東久留米市 防犯 補助金,1,6,16.67%,5.83
東久留米 防犯 補助金,1,6,16.67%,6.67
豊田市 新婚 補助,1,6,16.67%,8.67
認定看護師 補助金,1,5,20%,1.8
地域未来創造総合補助金,1,5,20%,6.8
gx サプライチェーン構築支援事業,1,5,20%,8.6
泉大津 電動自転車 補助金,1,4,25%,2
蕨市 防犯カメラ 補助金,1,4,25%,2.5
岡崎市 防犯対策補助金,1,4,25%,3.25
伊豆市 エアコン 補助金,1,4,25%,3.75
丹波篠山グルメ感謝フェア,1,4,25%,8
洗車機 補助金 令和7年,1,4,25%,8.75
藤岡市 太陽光 補助金,1,4,25%,8.75
排出削減が困難な産業におけるエネルギー 製造プロセス転換支援事業,1,4,25%,9.25
gxサプライチェーン構築支援事業 採択結果,1,4,25%,35.75
練馬区住まいの防犯対策緊急助成事業,1,3,33.33%,6.33
半田市 電気自動車 補助金,1,3,33.33%,7
門真市 エアコン 補助金,1,3,33.33%,7
医療dx人材育成支援事業,1,3,33.33%,7.33
cdmo 補助金,1,3,33.33%,8
西東京市 補助金 エアコン,1,3,33.33%,8.33
産後ドゥーラ 東京都 補助,1,3,33.33%,13.67
文化庁 助成金 芸術 2026,1,3,33.33%,49
ソーラーパネル 補助金,1,2,50%,1
三つ子 補助金,1,2,50%,1
埼玉県電気 自動車 補助金 いくら,1,2,50%,1
ブレーカー交換 補助金,1,2,50%,3
ペロブスカイト太陽電池 補助金,1,2,50%,3
若者世代職場定着促進助成金,1,2,50%,3.5
肥料高騰対策 2025,1,2,50%,4.5
目黒区防犯カメラ 補助金,1,2,50%,5
鴻巣市 冷蔵庫 補助金,1,2,50%,5
多摩産材 補助金,1,2,50%,9
給付金 横浜市 2025,1,2,50%,9
豊中市 発達障害 相談 大人,1,2,50%,12
小牧市 給付金 令和7年,1,2,50%,26
高齢者エアコン補助金,1,2,50%,32.5
認証 保育園 補助金 東京都,1,1,100%,1
禁煙外来 助成金,1,1,100%,4
釧路市 空き店舗 補助金,1,1,100%,6
zev補助金 大阪,1,1,100%,7
埼玉県 電気自動車 補助金 令和7年度,1,1,100%,7
需要家主導型太陽光発電導入促進事業,1,1,100%,10
空き家 リフォーム 補助金,1,1,100%,12
社会福祉施設整備補助金,1,1,100%,16
蟹江町空き家管理,1,1,100%,16
豊橋 給付金 10万円,0,74,0%,6.62
八王子市 物価高騰 給付金,0,71,0%,1.15
小牧市 太陽光 補助金,0,66,0%,5.7
秋田県 省エネ家電 補助金 2025,0,56,0%,5
東村山市 防犯カメラ 補助金,0,45,0%,8.73
65歳超雇用推進助成金 160万円,0,43,0%,7
大阪府 フェムテック 補助金,0,42,0%,3
名古屋市 給付金 最新,0,35,0%,1
海外ビジネス支援 和歌山,0,33,0%,37.27
愛知県電子処方箋活用普及促進事業費補助金,0,31,0%,5.03
熊本 県 lp ガス 支援 金 第 4 弾,0,31,0%,10
経産省 補助金 2025年10月 最新,0,29,0%,8.66
岡崎市 防犯カメラ 補助金,0,28,0%,5.14
愛知県 電子処方箋 補助金,0,28,0%,6.71
江東区 ホームページ 補助金,0,28,0%,7.07
羽曳野市 給付金 10万円,0,27,0%,5.7
電気 自動車 補助金 大阪 2025,0,26,0%,6.04
立川市 防犯カメラ 補助金,0,26,0%,8.15
江東区 ホームページ制作 補助金,0,26,0%,9.19
豊橋 給付金 10万円 いつ,0,25,0%,5.84
八王子市エネルギー・物価高騰対策事業者支援金,0,25,0%,7.48
厚生労働省 雇用関係助成金 一覧 2025,0,24,0%,5.21
感震ブレーカー 補助金,0,24,0%,9.46
愛知県 食材費高騰対策 介護,0,23,0%,7.09
武蔵野市 防犯カメラ 補助金,0,23,0%,7.48
大田区 防犯カメラ 補助金,0,23,0%,8.61
特許 出願 補助金 ポイント,0,23,0%,36.48
八潮市 太陽光 補助金,0,22,0%,5.32
北上市 リフォーム助成金,0,22,0%,10.68
門真市 補助金 エアコン,0,20,0%,6.95
秋田県 エアコン 補助金 対象店舗,0,20,0%,11.15
事業再構築補助金 2025 10月 公募,0,19,0%,5.47
春日部市 太陽光 補助金,0,19,0%,6.21
ハッピーマザー出産助成金,0,19,0%,7.63
東京ゼロエミ住宅 申請,0,19,0%,27.84
sii 省エネ,0,18,0%,4.06
小牧市 蓄電池 補助金,0,18,0%,8.56
福岡県 電気自動車 補助金 2025,0,17,0%,2.88
練馬区 ホームページ制作 補助金,0,17,0%,4.94
浦幌町 リフォーム会社,0,17,0%,31.59
私立中学 無償化 東京都 2025,0,16,0%,1
大型免許 神奈川 補助金,0,16,0%,4.06
杉並区 誰でも通園,0,16,0%,6.31
杉並区 防犯カメラ 補助金,0,16,0%,7.25
愛知県社会福祉施設食材費高騰対策支援金,0,16,0%,9.25
led 補助金 埼玉県 2025,0,15,0%,1
奄美市 給付金 2025,0,15,0%,1
宇部市 給付金 15万円,0,15,0%,1
アイラブつくばまちづくり補助金,0,15,0%,5.07
ハマコネ,0,15,0%,5.47
新宿区 防犯カメラ 補助金,0,15,0%,7.4
守山市 エアコン 補助金,0,15,0%,7.87
立川市防犯カメラ補助金,0,15,0%,8.07
東村山市 太陽光 補助金,0,15,0%,9.53
経済産業省 補助金 2025年10月 最新,0,15,0%,10.2
枚方市 太陽光 補助金,0,15,0%,10.87
経営統合等による産業力強化支援事業,0,15,0%,14.4
設備投資 補助金,0,15,0%,36.27
補助金 東京都 個人 2025,0,14,0%,1
防犯カメラ 補助金,0,14,0%,3.93
知多市 エアコン 補助金,0,14,0%,5
新座市 エアコン 補助金,0,14,0%,5.79
横須賀市 補助金 エアコン,0,14,0%,5.79
文京区 銭湯 100円,0,14,0%,6.21
船橋市 ヘルメット 補助金,0,14,0%,6.71
中野区 防犯カメラ 補助金,0,14,0%,6.93
豊橋 給付金 7万円 いつ,0,14,0%,7.86
スマート保安実証支援事業費補助金,0,14,0%,8.36
半田市給付金 fpm 介護,0,14,0%,11
アフリカ市場進出支援,0,14,0%,33.5
香取市 補助金 家電,0,13,0%,3.62
河内長野市 太陽光 補助金,0,13,0%,4.54
在宅医療現場における防犯機器等導入支援事業,0,13,0%,5.15
八潮市 蓄電池 補助金,0,13,0%,6.15
つくば市 エコキュート 補助金,0,13,0%,7
川口市 奨学金返還支援,0,13,0%,7.08
北見市 リフォーム 補助金,0,13,0%,7.69
新座市 給付金 2025,0,13,0%,7.69
調布市 エアコン 補助金,0,13,0%,9.46
枚方市 奨学金返還支援,0,13,0%,9.85
名古屋市 給付金 最新 令和7年,0,12,0%,1
小山市 給付金 2025,0,12,0%,1
愛媛県 省エネ家電 補助金 2025,0,12,0%,3.67
岡崎市 防犯 補助金,0,12,0%,4.17
秋田県 省エネ家電 補助金,0,12,0%,4.58
所沢市 エアコン 補助金,0,12,0%,4.67
厚生労働省 人材確保等支援助成金 テレワークコース 支給要領 令和7年,0,12,0%,5
知多市 補助金 家電,0,12,0%,5
あきる野市防犯カメラ補助金,0,12,0%,5.17
しながわゼロカーボンアクション助成,0,12,0%,6.33
岡崎市 補聴器 補助金,0,12,0%,6.33
埼玉県電気 自動車 補助金 2025,0,12,0%,7.5
gxサプライチェーン構築支援事業,0,12,0%,9
四国中央市 エアコン 補助金,0,12,0%,9.42
グリーンファイナンス拡大に向けた市場基盤整備支援事業,0,12,0%,18.08
美容室 助成金 東京,0,12,0%,36.17
大井町 助成金,0,12,0%,44.75
福岡市 補助金 個人 2025,0,11,0%,1
配食サービス 補助金,0,11,0%,1.91
いすみ市エネルギー補助金,0,11,0%,5.82
北本市 リフォーム補助金,0,11,0%,5.91
武蔵野市防犯補助金,0,11,0%,5.91
鴻巣市 防犯 補助金,0,11,0%,5.91
堺市不足額給付とは,0,11,0%,6.09
船橋市ヘルメット補助金,0,11,0%,6.45
中小企業展示商談会出展支援事業費補助金,0,11,0%,6.64
枚方市 エコキュート 補助金,0,11,0%,6.64
補聴器 補助金 西宮,0,11,0%,7.18
練馬区 ホームページ 補助金,0,11,0%,7.27
高知県働きやすい環境整備事業費補助金,0,11,0%,7.82
深谷市 蓄電池 補助金,0,11,0%,8.55
江戸川区 省エネ 補助金,0,11,0%,9.45
武蔵野市 防犯,0,11,0%,9.55
帯状疱疹 ワクチン 50歳 費用 豊田市,0,11,0%,10.09
電気自動車 補助金 大阪 2025,0,11,0%,10.09
千代田区 5000円,0,11,0%,11.18
豊田市 帯状疱疹 ワクチン 助成 金,0,11,0%,11.36
紋別郡西興部村解体補助金,0,11,0%,15.55
東京都正規雇用等転換安定化支援助成金,0,11,0%,36.18
リフォーム補助金 福岡県 2025,0,10,0%,1
初任者研修費用助成金,0,10,0%,1
空き家 解体,0,10,0%,3.9
泉大津市 エアコン 補助金,0,10,0%,4.1
津市 防犯カメラ 補助金,0,10,0%,5.4
西宮市 太陽光 補助金,0,10,0%,6.1
安城市 蓄電池 補助金,0,10,0%,6.2
狭山市 エアコン 補助金 2025,0,10,0%,7.2
渋谷区 ハッピーマザー,0,10,0%,7.3
西東京市 助成金 家電,0,10,0%,7.9
中野区 ホームページ制作 補助金,0,10,0%,8.7
川越市 補助金 エアコン,0,10,0%,8.7
江戸川区物価高騰対策省エネ設備等投資支援事業補助金,0,10,0%,9.1
小規模事業者持続化補助金 2025 10月 公募,0,10,0%,10.1
豊田市 帯状疱疹ワクチン助成金,0,10,0%,10.9
共和町 リフォーム助成金,0,10,0%,18
岸和田市 起業 支援,0,10,0%,18.5
デジタコ 補助金,0,10,0%,18.9
産業用 太陽光 補助金 2025,0,10,0%,28.5
裾野市 リフォーム補助金,0,10,0%,40.2
上尾市 給付金 2025,0,9,0%,1
助成金,0,9,0%,1
太陽光発電 補助金,0,9,0%,1
抜毛症 ウィッグ 助成金,0,9,0%,1
栃木県 省エネ家電 補助金 2025,0,9,0%,2.78
東京都中小企業振興公社 専門家派遣,0,9,0%,4
茨木市 エアコン 補助金,0,9,0%,4.22
耐震住宅 助成金対応 大田区,0,9,0%,4.33
田川郡福智町空き家補助金,0,9,0%,5
安城市 太陽光 補助金,0,9,0%,5.22
あきる野市 防犯カメラ 補助金,0,9,0%,5.33
東京おこめクーポン,0,9,0%,5.56
大島郡天城町空き家補助金,0,9,0%,6.67
伊勢崎市 gx補助金,0,9,0%,7
熊毛郡中種子町空き家補助金,0,9,0%,7
補聴器 補助金 高齢者 岡山市,0,9,0%,7
堺市不足額給付,0,9,0%,7.44
東村山市防犯カメラ補助金,0,9,0%,8.56
大田区防犯カメラ補助金 個人,0,9,0%,8.78
朝霞市 リフォーム助成金,0,9,0%,8.78
丸亀市 太陽光補助金,0,9,0%,9.11
松山市 結婚助成金,0,9,0%,9.22
南河内郡千早赤阪村空き家補助金,0,9,0%,9.56
補助金,0,9,0%,9.56
柏市 太陽光 補助金,0,9,0%,9.78
久喜市 太陽光 補助金,0,9,0%,10.11
平塚市 リフォーム助成金,0,9,0%,11.11
奄美市 リフォーム補助金,0,9,0%,13.11
小松島市空き家補助金,0,9,0%,15.11
小牧市 省エネ,0,9,0%,30
氷見市解体補助金,0,9,0%,34.11
桜川市 リフォーム助成金,0,9,0%,43.67
福岡 補助金 助成金,0,9,0%,47.56
湖西市解体補助金,0,9,0%,78.78
特許 出願 補助金,0,9,0%,92.11
私立中学 無償化 東京都,0,8,0%,1
泉大津 自転車 補助金,0,8,0%,2.75
国分寺市 防災 補助金,0,8,0%,3
岩内郡共和町空き家補助金,0,8,0%,3
大田区防犯補助金,0,8,0%,3.75
八王子市 給付金 最新,0,8,0%,4.62
電動アシスト 自転車 補助金一覧,0,8,0%,5.5
横須賀市 省エネ 補助金,0,8,0%,5.88
柳井市 リフォーム補助金,0,8,0%,6
東京都おこめクーポン事業,0,8,0%,6.38
平塚市 中小企業等dx支援補助金,0,8,0%,6.62
自動運転 補助金,0,8,0%,6.75
武蔵野市 防犯 補助金,0,8,0%,6.88
丸亀市 蓄電池 補助金,0,8,0%,7
創業支援 小牧,0,8,0%,7.5
東村山市 防犯 補助金,0,8,0%,7.5
人材開発支援助成金 2025 概要,0,8,0%,8.12
東京都 医療機関におけるai技術活用促進事業,0,8,0%,8.25
65歳超雇用推進助成金 最大 160万円,0,8,0%,8.38
多様な体験型観光推進事業補助金,0,8,0%,8.38
岡山市 補聴器 補助,0,8,0%,8.38
相楽郡精華町空き家補助金,0,8,0%,8.38
補聴器 補助金 岡山,0,8,0%,8.75
杉並区 ベビーシッター 補助,0,8,0%,9
延岡市 リフォーム補助金,0,8,0%,9.5
岡崎市 蓄電池 補助金,0,8,0%,10.12
産後ドゥーラ 豊島区,0,8,0%,10.25
武蔵野市 防犯カメラ,0,8,0%,10.38
立川市 リフォーム補助金,0,8,0%,10.88
綴喜郡井手町空き家補助金,0,8,0%,11
北見市 リフォーム助成金,0,8,0%,11.5
経産省 補助金 発表 2025年10月,0,8,0%,11.5
亀岡市 給付金 2025,0,8,0%,14.75
雨竜郡雨竜町空き家補助金,0,8,0%,15.88
ものづくり補助金 江戸川区,0,8,0%,18.75
吉野郡大淀町空き家補助金,0,8,0%,19.75
本庄市 リフォーム助成金,0,8,0%,22.75
lccm住宅整備推進事業,0,8,0%,33.25
共和町 リフォーム補助金,0,8,0%,40.62
賀茂郡南伊豆町空き家補助金,0,8,0%,41.38
岸和田市 創業融資,0,8,0%,44.75
志免町 リフォーム補助金,0,8,0%,46.12
駿東郡小山町解体補助金,0,8,0%,53.25
三鷹市 屋根断熱 費用 補助金,0,8,0%,56.12
京田辺市解体補助金,0,8,0%,63.5
小豆郡小豆島町解体補助金,0,8,0%,68.12
エレベーターリニューアル 補助金,0,7,0%,1
上田市 給付金 2025,0,7,0%,1
伊勢市 給付金 2025,0,7,0%,1
子ども食堂 助成金 いくら 大阪,0,7,0%,1
松山市 給付金 2025,0,7,0%,1
補聴器 補助金 高齢者,0,7,0%,1
豊中市 給付金 2025,0,7,0%,1
町田市 人間ドック 補助金,0,7,0%,2.14
ケアマネ研修費用助成金,0,7,0%,2.57
"""0120-987-770""",0,7,0%,2.71
神奈川県高度外国人材受入支援補助金,0,7,0%,3
中新川郡舟橋村空き家補助金,0,7,0%,3.14
杉並区 こども誰でも通園制度,0,7,0%,4.14
akatsukiプロジェクト 2025,0,7,0%,4.43
犬山市空き家補助金,0,7,0%,4.43
苫前郡初山別村空き家補助金,0,7,0%,4.43
福島県 実用化補助金,0,7,0%,4.57
知多市 家電 補助金,0,7,0%,4.71
野田市空き店舗 補助金,0,7,0%,5.14
厚生労働省 雇用関係助成金 2025 一覧,0,7,0%,5.29
豊岡市 太陽光 補助金,0,7,0%,5.43
北本市 蓄電池 補助金,0,7,0%,5.86
空知郡奈井江町空き家補助金,0,7,0%,5.86
大阪府リスキリング支援補助金,0,7,0%,6.14
中小企業デジタルツール導入促進支援事業 採択率,0,7,0%,6.57
中野区防犯機器等購入緊急補助事業,0,7,0%,6.71
川越市 冷蔵庫 補助金,0,7,0%,6.71
色彩選別機 補助金,0,7,0%,6.71
nep 開拓,0,7,0%,6.86
川越市 助成金 家電,0,7,0%,7
本庄市 蓄電池 補助金,0,7,0%,7
富山県lpガス料金負担軽減支援事業,0,7,0%,7.29
朝霞市 リフォーム補助金,0,7,0%,7.29
インド人材交流支援事業,0,7,0%,7.86
phev 補助金 福岡県,0,7,0%,8
北葛飾郡杉戸町空き家補助金,0,7,0%,8
北見市 リフォーム補助金,0,7,0%,8.14
安来市 リフォーム 補助金,0,7,0%,8.14
荒川区 家電 補助金,0,7,0%,8.14
港区 創業 補助金 2025,0,7,0%,8.43
斜里郡清里町空き家補助金,0,7,0%,9
兵庫県医療機関等生産性向上・職場環境整備等緊急支援事業,0,7,0%,9.29
板橋区 エアコン 補助金,0,7,0%,9.29
人材開発支援助成金 厚生労働省 2025,0,7,0%,9.43
品川区 省エネ 補助金,0,7,0%,9.43
スマートco2排出削減設備導入事業,0,7,0%,10.29
住居確保給付金 福岡市,0,7,0%,11
平塚市 リフォーム補助金,0,7,0%,13.71
大沼郡会津美里町空き家補助金,0,7,0%,18.43
上川郡東神楽町空き家補助金,0,7,0%,18.57
スマート酪農 費用,0,7,0%,26.57
大山町 リフォーム補助金,0,7,0%,36.14
尾張旭市 省エネ,0,7,0%,36.71
神津島村 リフォーム補助金,0,7,0%,37
杉戸町 リフォーム補助金,0,7,0%,38.86
賀茂郡河津町解体補助金,0,7,0%,40
三木町 リフォーム補助金,0,7,0%,43.71
読谷村 リフォーム補助金,0,7,0%,44
桜川市解体補助金,0,7,0%,47.57
滑川市解体補助金,0,7,0%,52.71
駿東郡小山町空き家補助金,0,7,0%,56.29
裾野市解体補助金,0,7,0%,58.29
人材開発支援助成金,0,7,0%,59.57
賀茂郡東伊豆町空き家補助金,0,7,0%,62.43
榛原郡吉田町解体補助金,0,7,0%,71.57
sns運用代行 目黒,0,7,0%,74.86
ai活用 生産性向上 医療,0,7,0%,75
リフォーム補助金,0,6,0%,1
太陽光 補助金,0,6,0%,1
平戸市 給付金 2025,0,6,0%,1
感電ブレーカー 補助金,0,6,0%,1
板橋区 補助金 2025,0,6,0%,1
江戸川区 給付金一覧,0,6,0%,1
江戸川区 補助金 家電,0,6,0%,1
浅口市 給付金 2025,0,6,0%,1
草加市 給付金 2025,0,6,0%,1
高山市 給付金 2025,0,6,0%,1
こども誰でも通園制度 補助金,0,6,0%,1.33
危険木伐採 補助金 福島県,0,6,0%,2.33
虻田郡京極町空き家補助金,0,6,0%,3.33
白井市 蓄電池 補助金,0,6,0%,4.83
補聴器 補助金 羽村市,0,6,0%,5
大田区 防犯 補助金,0,6,0%,5.17
西白河郡泉崎村空き家補助金,0,6,0%,5.33
都留市 エアコン 補助金,0,6,0%,5.33
三郷市エアコン補助金,0,6,0%,5.67
門型洗車機 補助金,0,6,0%,6
虻田郡真狩村空き家補助金,0,6,0%,6.17
加古川市 太陽光 補助金,0,6,0%,6.33
樺戸郡新十津川町空き家補助金,0,6,0%,6.33
足寄郡陸別町空き家補助金,0,6,0%,6.5
鴻巣市 家電 補助金,0,6,0%,6.5
立川 防犯カメラ 補助金,0,6,0%,6.67
綾瀬市 インフルエンザ予防接種 助成金,0,6,0%,6.67
豊田市 電気自動車 補助金,0,6,0%,6.83
香取市 エアコン 補助金,0,6,0%,6.83
龍ケ崎市 家電 補助金,0,6,0%,6.83
熊谷市 蓄電池 補助金,0,6,0%,7
ベビーカー 購入 助成金 兵庫県,0,6,0%,7.17
名古屋市 インフルエンザ予防接種 補助 子供 2025,0,6,0%,7.33
神戸市中小企業投資促進等助成制度,0,6,0%,7.83
みよし市 太陽光 補助金,0,6,0%,8
福岡市空き家補助金,0,6,0%,8
03-5211-0394,0,6,0%,8.33
65歳超雇用推進助成金 最大160万円,0,6,0%,8.5
狭山市 補助金 エアコン,0,6,0%,8.67
春日井市 省エネ 家電 補助金,0,6,0%,8.83
広島県 宿泊税 補助金,0,6,0%,9
広島県宿泊税システム整備費補助金,0,6,0%,9
立川市 リフォーム助成金,0,6,0%,9.33
調布市 led 補助金,0,6,0%,9.5
大阪府奨学金返還支援制度導入促進支援金,0,6,0%,9.67
豊島区 産後ドゥーラ,0,6,0%,9.67
アパレル 補助金,0,6,0%,9.83
妊婦支援給付金 姫路市,0,6,0%,9.83
大和市 太陽光 補助金,0,6,0%,10
東村山市 蓄電池 補助金,0,6,0%,10
松山空港 チャーター便 2025,0,6,0%,10
秋田県 補助金 家電,0,6,0%,10
福岡市 奨学金返還支援,0,6,0%,10.33
蓄電池 補助金 東広島,0,6,0%,10.5
つくば市 蓄電池 補助金,0,6,0%,10.67
下呂市空き家補助金,0,6,0%,10.83
都外ppa,0,6,0%,11
市川市 個人事業主 助成金,0,6,0%,11.33
田川郡福智町解体補助金,0,6,0%,13.83
河東郡上士幌町空き家補助金,0,6,0%,16.5
積丹郡積丹町空き家補助金,0,6,0%,16.5
神埼郡吉野ヶ里町空き家補助金,0,6,0%,16.83
授業料軽減助成金,0,6,0%,18.33
zeh 補助金申請 葛飾区,0,6,0%,19.67
秩父市 防犯ガラス,0,6,0%,21.33
石川郡玉川村空き家補助金,0,6,0%,28.5
立川市 防犯ガラス,0,6,0%,32.17
河西郡中札内村解体補助金,0,6,0%,35.17
菊川市 リフォーム補助金,0,6,0%,36
東京都 私立高校 補助金,0,6,0%,36.5
シャルール 美容室 葛飾区鎌倉,0,6,0%,43.83
賀茂郡松崎町解体補助金,0,6,0%,47
宍粟市空き家補助金,0,6,0%,48.5
南あわじ市空き家補助金,0,6,0%,51.17
田方郡函南町空き家補助金,0,6,0%,58.17
駿東郡清水町空き家補助金,0,6,0%,66
登米市解体補助金,0,6,0%,82.33
墨田区 増築,0,6,0%,84.5
稲沢市空き家補助金,0,6,0%,84.5
フォークリフト 助成金,0,5,0%,1
交野市 補助金 2025,0,5,0%,1
京都市補助金2025,0,5,0%,1
八王子 給付金 5万円,0,5,0%,1
八王子市 給付金(10万円),0,5,0%,1
刈谷市 給付金 令和7年,0,5,0%,1
名古屋市 給付金(3万円 いつ),0,5,0%,1
埼玉県 ev 補助金 いくら,0,5,0%,1
愛媛県 給付金 最新,0,5,0%,1
港区 助成金 エアコン,0,5,0%,1
猫 避妊手術費用補助金,0,5,0%,1
福岡市 補助金 個人,0,5,0%,1
給湯器交換 補助金,0,5,0%,1
認定看護師 助成金,0,5,0%,1
豊中市 給付金 最新,0,5,0%,1
電気自動車 補助金,0,5,0%,1
人材開発支援助成金 ニュース 2025,0,5,0%,2.2
羽生市 太陽光 補助金,0,5,0%,2.4
事業 承継 トライアル,0,5,0%,3
伊丹市 移住支援金,0,5,0%,3
阿蘇郡高森町空き家補助金,0,5,0%,3.4
日立市 補助金 家電,0,5,0%,3.6
泉佐野市 太陽光 補助金,0,5,0%,4
港区 フリースクール 助成金,0,5,0%,4.2
狭山市 太陽光 補助金,0,5,0%,4.4
西東京市 給湯省エネ2025事業,0,5,0%,4.4
刈谷市 防犯 補助金,0,5,0%,4.8
大和高田市 給付金 2025,0,5,0%,4.8
福生市 防犯カメラ 補助金,0,5,0%,4.8
杉並区 子供誰でも通園制度,0,5,0%,5
目黒区 防犯カメラ 補助金,0,5,0%,5.2
東京おこめクーポン事業,0,5,0%,5.4
高石市 太陽光 補助金,0,5,0%,5.4
新島村解体補助金,0,5,0%,5.6
遠賀町 リフォーム補助金,0,5,0%,5.6
北本市 リフォーム 補助金,0,5,0%,5.8
横須賀市 太陽光 補助金,0,5,0%,6
結婚助成金,0,5,0%,6
西宮市 補聴器 補助,0,5,0%,6
北本市 リフォーム助成金,0,5,0%,6.2
杉戸町 太陽光 補助金,0,5,0%,6.2
湖南市 エアコン 補助金,0,5,0%,6.2
カラスいけいけ 補助金 枚方市,0,5,0%,6.4
佐倉市 太陽光 補助金,0,5,0%,6.4
医療dx人材育成支援事業補助金,0,5,0%,6.4
小山市 補助金 エアコン,0,5,0%,6.4
芦屋市 太陽光 補助金,0,5,0%,6.4
別府市 万博 補助,0,5,0%,6.6
岡崎市 エアコン 補助金 2025,0,5,0%,6.6
未来商店街活力向上支援事業,0,5,0%,6.8
水戸市 中小企業振興支援補助金,0,5,0%,6.8
蕨市 太陽光 補助金,0,5,0%,6.8
南佐久郡佐久穂町解体補助金,0,5,0%,7
荒川区 冷蔵庫 補助金,0,5,0%,7
cdmo補助金,0,5,0%,7.2
三鷹市 エアコン 助成金,0,5,0%,7.2
座間市 太陽光 補助金,0,5,0%,7.2
板橋生活支援臨時給付金,0,5,0%,7.2
北上市 リフォーム補助金,0,5,0%,7.4
台東区 防犯カメラ 補助金,0,5,0%,7.4
商店街防災力向上緊急支援事業,0,5,0%,7.4
堺市 不足額給付,0,5,0%,7.4
inpit 外国出願 補助金 2025,0,5,0%,7.6
引越しで家賃が上がった 補助金,0,5,0%,7.6
東広島市 太陽光 補助金,0,5,0%,7.6
野田市 補助金 2025,0,5,0%,7.8
丸亀市 太陽光 補助金,0,5,0%,8.4
深谷市 太陽光 補助金,0,5,0%,8.4
豊橋市 給付金 7万円 最新 情報,0,5,0%,8.4
小規模事業者持続化補助金 2025年10月 公募,0,5,0%,8.6
枚方市 ゼロカーボン,0,5,0%,8.6
東京都 創業助成事業 2025 東京都中小企業振興公社,0,5,0%,8.8
電子処方箋 東京都 補助金,0,5,0%,8.8
中小企業 省エネ 補助金 2025 sii,0,5,0%,9
江戸川区省エネ補助金,0,5,0%,9.2
大田区 防犯カメラ 補助金 個人,0,5,0%,9.4
松前郡福島町空き家補助金,0,5,0%,9.4
藤沢市 ev 補助金,0,5,0%,9.4
高松市 移住 補助金,0,5,0%,9.4
こども誰でも通園制度 越谷市,0,5,0%,9.6
フリースクール補助金 自治体 一覧,0,5,0%,9.6
東京都就職氷河期世代等待遇向上支援助成金,0,5,0%,9.8
産官学連携による自律型資源循環システム強靱化促進事業,0,5,0%,10
杉並区 防犯機器 補助金,0,5,0%,10.2
65歳超雇用推進助成金 160万円 上限,0,5,0%,10.4
リスキリング 補助金 大阪,0,5,0%,10.4
定額減税補足給付金 名古屋,0,5,0%,10.4
小牧市 会社設立,0,5,0%,10.4
牡鹿郡女川町空き家補助金,0,5,0%,11
中小企業展示商談会出展支援事業,0,5,0%,11.6
電気設備工事 省エネ 市川市,0,5,0%,11.8
南足柄市 リフォーム助成金,0,5,0%,14.6
八代郡氷川町空き家補助金,0,5,0%,15.6
福岡 外国人助成金 技能実習生,0,5,0%,18.2
小松島市解体補助金,0,5,0%,21.4
河西郡中札内村空き家補助金,0,5,0%,22.4
碧南市 結婚式,0,5,0%,24
別府市空き家補助金,0,5,0%,25.2
阿蘇郡小国町空き家補助金,0,5,0%,31
インバウンド対応力強化支援補助金,0,5,0%,32
鴻巣市 防犯ガラス,0,5,0%,32.2
養父市 リフォーム補助金,0,5,0%,32.4
南足柄市 リフォーム補助金,0,5,0%,33.6
猪名川町 リフォーム補助金,0,5,0%,35.6
テレワークトータルサポート事業,0,5,0%,38
名古屋市守山区 省エネ,0,5,0%,38.6
犬山市 リフォーム補助金,0,5,0%,40.4
東京 高齢者 支援金,0,5,0%,40.6
玉村町 リフォーム,0,5,0%,43.8
東京都 テレワーク 助成金,0,5,0%,44
八幡浜市空き家補助金,0,5,0%,44.8
小松島市 リフォーム補助金,0,5,0%,45.2
結城市 リフォーム助成金,0,5,0%,46
アシストスーツ 補助金,0,5,0%,49.6
賀茂郡南伊豆町解体補助金,0,5,0%,50.4
江南市 省エネ,0,5,0%,56.4
茨城県水戸市 太陽光 工事,0,5,0%,57.6
アルバイト 助成金,0,5,0%,58.6
新居浜市解体補助金,0,5,0%,59.2
福知山市空き家補助金,0,5,0%,62.4
豊島区 エアコン 費用,0,5,0%,64.6
埼玉県鶴ヶ島市 砂川仮設,0,5,0%,69
荒川区 エアコン 費用,0,5,0%,77.2
亀岡市解体補助金,0,5,0%,88.6
dx不動産 推進協会,0,5,0%,98.8
0120 987 770,0,4,0%,1
gx補助金 いつまで,0,4,0%,1
マンション エレベーターリニューアル 補助金,0,4,0%,1
住居確保給付金(転居費用),0,4,0%,1
兵庫県 支援金 30万,0,4,0%,1
前橋市 補助金 個人,0,4,0%,1
北九州市 電気自動車 補助金 2025,0,4,0%,1
双子 補助金,0,4,0%,1
和泉市 補助金 2025,0,4,0%,1
外壁塗装 助成金 平塚市,0,4,0%,1
太陽光パネル 補助金,0,4,0%,1
岡山市 給付金一覧,0,4,0%,1
枚方市 給付金 2025,0,4,0%,1
枚方市 補助金 家電 2025,0,4,0%,1
燕市 補助金一覧,0,4,0%,1
猫 去勢手術費用補助金,0,4,0%,1
省エネ家電 補助金 横浜市 2025,0,4,0%,1
福岡市 補助金 エアコン,0,4,0%,1
福知山市 給付金 2025,0,4,0%,1
私立中学 学費 無償化 東京都,0,4,0%,1
筑紫野市 給付金 10万円,0,4,0%,1
給付金 大分,0,4,0%,1
給付金 大阪,0,4,0%,1
補助金 札幌,0,4,0%,1
配食サービス 介護保険適用,0,4,0%,1
電動自転車 補助金,0,4,0%,1
電動自転車 補助金 墨田区,0,4,0%,1
電気 自動車 充電 自宅 工事 補助金,0,4,0%,1
高崎市 給付金 最新,0,4,0%,1
高槻市 補助金 住宅,0,4,0%,1
泉大津市 自転車 補助金,0,4,0%,2
東京都 中小企業 制度融資 2025,0,4,0%,3
多気郡明和町空き家補助金,0,4,0%,3.25
jgrants 補助金 検索,0,4,0%,3.5
玉村町 防犯 補助金,0,4,0%,3.5
田川市 エアコン 補助金,0,4,0%,3.5
樺戸郡月形町空き家補助金,0,4,0%,3.75
小平市 防犯カメラ 補助金,0,4,0%,4
玉村町 防犯カメラ,0,4,0%,4
守口市 不妊治療 助成金,0,4,0%,4.25
幌泉郡えりも町空き家補助金,0,4,0%,4.25
熊毛郡南種子町空き家補助金,0,4,0%,4.25
余市郡赤井川村空き家補助金,0,4,0%,4.5
いすみ市 エネルギー,0,4,0%,4.75
日進市 太陽光 補助金,0,4,0%,4.75
東京都おこめクーポン,0,4,0%,4.75
東京都中小企業振興公社 専門家派遣 制度,0,4,0%,4.75
渋谷区 ヘルメット 補助金,0,4,0%,4.75
補聴器 補助金,0,4,0%,4.75
墨田区 自転車 補助金,0,4,0%,5
揖保郡太子町解体補助金,0,4,0%,5
日向市空き家補助金,0,4,0%,5
春日井市 太陽光 補助金,0,4,0%,5
泉佐野市 インフルエンザ 助成,0,4,0%,5
常総市 補助金 エアコン,0,4,0%,5.25
鳥取市 防犯 補助金,0,4,0%,5.25
丹羽郡扶桑町解体補助金,0,4,0%,5.5
和泉市 太陽光 補助金,0,4,0%,5.5
愛知県移住 100万円,0,4,0%,5.5
杉並区 誰でも通園制度,0,4,0%,5.5
杉並区給食費相当給付金,0,4,0%,5.5
河西郡芽室町空き家補助金,0,4,0%,5.5
芦屋市 リフォーム補助金,0,4,0%,5.75
高崎市中小企業経営安定化助成金,0,4,0%,5.75
こども誰でも通園制度 鎌ヶ谷市,0,4,0%,6
新冠郡新冠町空き家補助金,0,4,0%,6
狭山市 蓄電池 補助金,0,4,0%,6
白岡市 太陽光 補助金,0,4,0%,6
立川市 防犯 補助金,0,4,0%,6
東村山 防犯カメラ 補助金,0,4,0%,6.25
石油協会 補助金,0,4,0%,6.25
サステナブル倉庫モデル促進事業 令和7年度,0,4,0%,6.5
三郷市 冷蔵庫 補助金,0,4,0%,6.5
三郷市 家電 補助金,0,4,0%,6.5
南河内郡太子町空き家補助金,0,4,0%,6.5
各務原市 太陽光 補助金,0,4,0%,6.5
岡崎市 太陽光 補助金,0,4,0%,6.5
霧島市 補助金 家電,0,4,0%,6.5
佐世保市 浄化槽 補助金,0,4,0%,6.75
下関市 led 補助金,0,4,0%,7
伊勢崎市gx補助金,0,4,0%,7
杉並区防犯カメラ補助金,0,4,0%,7
横須賀市 エアコン 補助金 個人,0,4,0%,7
稲敷市 給付金 7 万円,0,4,0%,7
耐震ブレーカー 補助金,0,4,0%,7
農業機械 補助金 トラクター,0,4,0%,7
防犯カメラ 補助金 杉並区,0,4,0%,7
野付郡別海町空き家補助金,0,4,0%,7.25
安城市 電気自動車 補助金,0,4,0%,7.5
先進的設備等を活用した放送コンテンツ製作促進事業,0,4,0%,7.75
ベビーカー 補助金 兵庫県,0,4,0%,8
市原市 太陽光 補助金,0,4,0%,8
感震ブレーカー 補助金 金沢市,0,4,0%,8
本庄市 エアコン 補助金,0,4,0%,8
防犯用具 補助金,0,4,0%,8
gx補助金 伊勢崎市,0,4,0%,8.25
不足額給付金,0,4,0%,8.25
和光市ゼロカーボン,0,4,0%,8.25
地域生活圏リーディング事業,0,4,0%,8.25
大阪府大学生等若者食費支援事業 チャージコード,0,4,0%,8.25
横浜市 猫 去勢 助成金,0,4,0%,8.25
江南市 ヘルメット 補助金,0,4,0%,8.25
調布市 エコキュート 補助金,0,4,0%,8.25
防犯カメラ 補助金 東京都,0,4,0%,8.25
ヘルメット 補助金 船橋市,0,4,0%,8.5
世田谷区不足額給付金,0,4,0%,8.5
児湯郡西米良村空き家補助金,0,4,0%,8.5
地域公共交通確保維持改善事業 補助金 国土交通省,0,4,0%,8.5
益城町 家電 補助金,0,4,0%,8.5
荒川区 エコ助成,0,4,0%,8.5
足立区 省エネ家電 補助金,0,4,0%,8.5
伊勢崎gx補助金,0,4,0%,8.75
四街道市空き家補助金,0,4,0%,8.75
次期航空機開発等支援事業,0,4,0%,8.75
紋別郡遠軽町空き家補助金,0,4,0%,8.75
練馬区 インターホン 補助金,0,4,0%,8.75
解体費用 門真市,0,4,0%,8.75
深谷市 給付金 2025年,0,4,0%,9
福山市 省エネ家電 補助金 2025,0,4,0%,9
兵庫県 創業 補助金 2025,0,4,0%,9.25
新宿区 防犯 補助金,0,4,0%,9.25
犬上郡甲良町空き家補助金,0,4,0%,9.25
秩父市 防犯カメラ 補助金,0,4,0%,9.25
データセンターのゼロエミッション化・レジリエンス強化促進事業,0,4,0%,9.5
令和7年度医療dx人材育成支援事業,0,4,0%,9.5
石垣島 保育士 移住,0,4,0%,9.5
いばらき賃上げ支援金,0,4,0%,9.75
埼玉県 冷蔵庫 補助金 個人 2025,0,4,0%,9.75
岡崎市 ヘルメット 補助金,0,4,0%,9.75
省エネ家電 補助金 2025 高知県,0,4,0%,9.75
地域活性化補助金 2025,0,4,0%,10
増毛郡増毛町空き家補助金,0,4,0%,10
禁煙外来助成金 自治体,0,4,0%,10
生活保護 就職準備給付金,0,4,0%,10.25
鹿足郡吉賀町解体補助金,0,4,0%,10.25
公正証書 助成金,0,4,0%,10.5
福島県 蓄電池補助金 2025,0,4,0%,10.5
豊予海峡ルート推進協議会,0,4,0%,10.5
豊川市 ヘルメット 補助金,0,4,0%,10.5
荒川区エコ助成,0,4,0%,10.75
感震ブレーカー 補助金 名古屋市,0,4,0%,11
渋谷区 防犯カメラ 助成金,0,4,0%,11
補聴器 補助金 神戸市,0,4,0%,11
就労自立給付金 いくらもらえる,0,4,0%,11.75
桜川市 補助金,0,4,0%,12.25
就労自立給付金 いくら もらえる,0,4,0%,12.5
刈田郡蔵王町空き家補助金,0,4,0%,14
志木市 リフォーム補助金,0,4,0%,15
宮代町 リフォーム補助金,0,4,0%,15.75
解体費用 久喜市,0,4,0%,16.5
刈谷市 リフォーム助成金,0,4,0%,16.75
京都市 開業支援 スタートアップ,0,4,0%,17
紋別郡西興部村空き家補助金,0,4,0%,21.25
本庄市 補助金 住宅,0,4,0%,21.5
中新川郡立山町空き家補助金,0,4,0%,22
綾瀬市 助成金,0,4,0%,22.5
文化庁 補助金,0,4,0%,23.25
改修補強工事 大田区,0,4,0%,24
安来市空き家補助金,0,4,0%,24.5
宍粟市 リフォーム補助金,0,4,0%,24.75
東京お米クーポン事業,0,4,0%,24.75
太陽光発電 助成金 一覧,0,4,0%,25
キャリアチェンジ再就職支援事業 ブログ,0,4,0%,28.25
豊田郡大崎上島町解体補助金,0,4,0%,28.25
枝幸郡枝幸町解体補助金,0,4,0%,28.5
綾瀬市 インフルエンザ,0,4,0%,29
補助金 長野市,0,4,0%,32.75
児湯郡西米良村解体補助金,0,4,0%,33.25
滑川市空き家補助金,0,4,0%,35.75
那須郡那珂川町空き家補助金,0,4,0%,36.5
グリーンボンド 補助金,0,4,0%,37
燕市空き家補助金,0,4,0%,37.75
蕨市 リフォーム補助金,0,4,0%,38.25
国頭郡本部町解体補助金,0,4,0%,38.5
南砺市 ガス料金,0,4,0%,39.75
湖南市 リフォーム補助金,0,4,0%,41.25
あま市 リフォーム補助金,0,4,0%,42
富里市 リフォーム補助金,0,4,0%,42
鴨川市 リフォーム補助金,0,4,0%,43.5
東京お米クーポン,0,4,0%,44
瀬戸市 省エネ,0,4,0%,45
中川郡音威子府村解体補助金,0,4,0%,45.5
岡崎市 防犯カメラ 設置,0,4,0%,46.75
仁多郡奥出雲町空き家補助金,0,4,0%,48.5
安来市解体補助金,0,4,0%,48.75
枕崎市解体補助金,0,4,0%,50.5
三重郡朝日町解体補助金,0,4,0%,52
seo対策 糸魚川市,0,4,0%,54.5
賀茂郡西伊豆町解体補助金,0,4,0%,55
稲沢市 省エネ,0,4,0%,55.75
神戸市 起業 助成金 2025,0,4,0%,56.75
三重郡川越町空き家補助金,0,4,0%,57
江戸川区 エアコン 費用,0,4,0%,59.75
杵島郡江北町空き家補助金,0,4,0%,62
人材 開発 支援 助成 金,0,4,0%,63
東伯郡湯梨浜町解体補助金,0,4,0%,63.75
中川郡音威子府村空き家補助金,0,4,0%,64
南砺市解体補助金,0,4,0%,67.75
太陽光設置 春日井市,0,4,0%,68.5
徳島市空き家補助金,0,4,0%,69.25
解体 小松島市,0,4,0%,70.5
広告 補助 金,0,4,0%,75
榛原郡吉田町空き家補助金,0,4,0%,76.5
webマーケティング 給付金,0,4,0%,77.25
西置賜郡飯豊町空き家補助金,0,4,0%,80.25
肝属郡肝付町解体補助金,0,4,0%,81.75
埼玉県 バリアフリー工事,0,4,0%,84.25
大阪府 大学生 等若者食費支援事業,0,4,0%,87.25
2 種免許 費用 補助金,0,3,0%,1
ev車 補助金,0,3,0%,1
led補助金/大阪 2025,0,3,0%,1
エアコン 補助金,0,3,0%,1
エアコン 補助金 滋賀県 個人,0,3,0%,1
エレベーター 補助金 令和7年,0,3,0%,1
ガーデンシュレッダー 補助金 愛知県,0,3,0%,1
ハイブリッド給湯器 補助金,0,3,0%,1
ヘルメット補助金,0,3,0%,1
伊那市 給付金 2025,0,3,0%,1
別府市 補助金 住宅,0,3,0%,1
北海道移住支援,0,3,0%,1
名古屋市 給付金(3万円 いつ 2025),0,3,0%,1
名古屋市給付金最新,0,3,0%,1
埼玉県 ev補助金 いくら,0,3,0%,1
堺市 エアコン 補助金 個人,0,3,0%,1
大洲市 給付金 最新,0,3,0%,1
子ども食堂 助成金 いくら,0,3,0%,1
富士市 給付金 2025,0,3,0%,1
富士市 補助金 2025,0,3,0%,1
尼崎市 給付金 2025,0,3,0%,1
岩手県 給付金 最新,0,3,0%,1
広島市 給付金 最新 令和 7年,0,3,0%,1
弘前市 リフォーム補助金,0,3,0%,1
愛媛県 補助金 エアコン,0,3,0%,1
愛知県 冷蔵庫 補助金,0,3,0%,1
感震ブレーカー 補助金 東京都,0,3,0%,1
文化庁 補助金 だんじり 令和7年度,0,3,0%,1
東京都 私立中学 無償化,0,3,0%,1
東京都が ん 患者 助成金,0,3,0%,1
枚方市補助金一覧,0,3,0%,1
桜井市 給付金 2025,0,3,0%,1
洋上風力 基金,0,3,0%,1
省エネ家電 補助金 大阪市 冷蔵庫,0,3,0%,1
知立市 給付金 最新,0,3,0%,1
秦野市 補助金 2025,0,3,0%,1
給付金 東京都,0,3,0%,1
練馬区 リフォーム 補助金 2025,0,3,0%,1
練馬区 補助金 2025,0,3,0%,1
色丹郡色丹村空き家補助金,0,3,0%,1
豊中市 給付金 令和7年,0,3,0%,1
配食サービス 介護保険,0,3,0%,1
鈴鹿市 補助金 2025,0,3,0%,1
電気 自動車 補助金 一覧,0,3,0%,1
高松市 引越し 助成金,0,3,0%,1
高槻市 リフォーム 補助金,0,3,0%,1
省エネ家電 補助金,0,3,0%,2.67
人材開発支援助成金 2025年10月 最新,0,3,0%,3
東京都中小企業振興公社 専門家派遣 回数 時間,0,3,0%,3
足柄上郡大井町空き家補助金,0,3,0%,3
東京都 お米 支給 いつから,0,3,0%,3.33
足立区 初任者研修 補助金,0,3,0%,3.33
河東郡鹿追町空き家補助金,0,3,0%,3.67
十日町市 除雪 補助金,0,3,0%,4.33
檜山郡江差町空き家補助金,0,3,0%,4.33
知多市空き家補助金,0,3,0%,4.33
稲城市 エアコン 補助金,0,3,0%,4.33
豊田市結婚新生活支援補助金,0,3,0%,4.33
足立区 フリースクール 補助 金,0,3,0%,4.33
天塩郡幌延町空き家補助金,0,3,0%,4.67
岐阜県 電気 自動車 補助金 2025,0,3,0%,4.67
揖保郡太子町空き家補助金,0,3,0%,4.67
三木市 エアコン 補助金,0,3,0%,5
不足額給付 流山市,0,3,0%,5
久喜市解体補助金,0,3,0%,5
日立市 エアコン 補助金,0,3,0%,5
日立市 冷蔵庫 補助金,0,3,0%,5
碧南市 新築 補助金,0,3,0%,5
豊中市 ev 補助金,0,3,0%,5
ゼロエミッション東京の実現等に向けたイノベーション促進事業,0,3,0%,5.33
京田辺市 太陽光 補助金,0,3,0%,5.33
和光市 宅配ボックス 補助金,0,3,0%,5.33
本庄市空き家補助金,0,3,0%,5.33
東京都 創業助成事業 2025 募集,0,3,0%,5.33
石川県 ev 補助金,0,3,0%,5.33
福岡県 中小企業 補助金 2025,0,3,0%,5.33
大田区住まいの防犯対策緊急補助金,0,3,0%,5.67
富田林 奨学金,0,3,0%,5.67
東京ゼロエミ住宅 補助 240万円,0,3,0%,5.67
芦屋市 リフォーム 補助金,0,3,0%,5.67
おこめクーポン 東京都,0,3,0%,6
とくしま文化活動推進事業補助金,0,3,0%,6
久喜市空き家補助金,0,3,0%,6
仙台市 宿泊税 補助金,0,3,0%,6
入間郡毛呂山町空き家補助金,0,3,0%,6
坂戸市 エアコン 補助金,0,3,0%,6
弘前市空き家補助金,0,3,0%,6
杉並区防犯機器等購入補助事業,0,3,0%,6
西尾市 太陽光 補助金,0,3,0%,6
三養基郡上峰町空き家補助金,0,3,0%,6.33
墨田区 ヘルメット,0,3,0%,6.33
富山 意匠登録 申請 海外,0,3,0%,6.33
川口市 福祉タクシー券,0,3,0%,6.33
横須賀市省エネ補助金,0,3,0%,6.33
玉村町 リフォーム補助金,0,3,0%,6.33
船橋 ヘルメット 補助金,0,3,0%,6.33
防府市空き家補助金,0,3,0%,6.33
phev 補助金 石川県,0,3,0%,6.67
アートによる地域振興助成,0,3,0%,6.67
川越市エアコン補助金,0,3,0%,6.67
東京都 pmh 補助金,0,3,0%,6.67
柳井市 リフォーム 補助金,0,3,0%,6.67
羽生市 エアコン 補助金,0,3,0%,6.67
西尾市 蓄電池 補助金,0,3,0%,6.67
防犯対策助成金,0,3,0%,6.67
ママパパ応援隊,0,3,0%,7
中野区防犯カメラ補助金,0,3,0%,7
丹羽郡扶桑町空き家補助金,0,3,0%,7
人材開発支援助成金 建設業 2025,0,3,0%,7
勇払郡占冠村空き家補助金,0,3,0%,7
北上市 リフォーム 補助金,0,3,0%,7
埼玉県医療提供施設等光熱費高騰対策支援金,0,3,0%,7
堺市不足額給付金,0,3,0%,7
妊婦健診費用助成金,0,3,0%,7
宿泊施設経営力向上推進事業補助金,0,3,0%,7
小牧市 姉妹都市,0,3,0%,7
玉村町 リフォーム 補助金,0,3,0%,7
門真市解体補助金,0,3,0%,7
フェムテック等サポートサービス実証事業費補助金 経済産業省,0,3,0%,7.33
上川郡和寒町空き家補助金,0,3,0%,7.33
小牧市 ヘルメット 補助金,0,3,0%,7.33
豊川市 不妊治療 助成金,0,3,0%,7.33
兵庫県 医療機関 生産性向上,0,3,0%,7.67
川越市 led 補助金,0,3,0%,7.67
新島村空き家補助金,0,3,0%,7.67
港区 タクシー券 子育て,0,3,0%,7.67
フェムテック等サポートサービス実証事業費補助金 実証先 マッチング 経済産業省,0,3,0%,8
世田谷区 給付金 12万円,0,3,0%,8
堺市 省エネ家電 補助金,0,3,0%,8
就職準備給付金,0,3,0%,8
尼崎市 省エネ 家電 補助金,0,3,0%,8
岡山市事業所用スマートエネルギー導入促進補助事業,0,3,0%,8
杉並区 給食費,0,3,0%,8
東村山 市 太陽 光 発電 補助 金,0,3,0%,8
町田市 防犯カメラ 補助金,0,3,0%,8
粕屋町 家電 補助金,0,3,0%,8
調布市 断熱 補助金,0,3,0%,8
豊中市 生ごみ処理機 助成金,0,3,0%,8
雨竜郡北竜町空き家補助金,0,3,0%,8
医療従事者勤務環境改善促進費補助金,0,3,0%,8.33
君津市 蓄電池 補助金,0,3,0%,8.33
多摩市解体補助金,0,3,0%,8.33
新座市 太陽光 補助金,0,3,0%,8.33
東村山 市 太陽 光 補助 金,0,3,0%,8.33
産業雇用安定助成金 2025 厚生労働省,0,3,0%,8.33
補聴器補助金高齢者,0,3,0%,8.33
電子処方箋 補助金 東京,0,3,0%,8.33
品川区省エネルギー対策・業務改善設備更新助成金,0,3,0%,8.67
妊婦健康診査費用助成金,0,3,0%,8.67
尾張旭市 ヘルメット 補助金,0,3,0%,8.67
柏市 エアコン 補助金 2025,0,3,0%,8.67
江戸川区 物価高騰対策省エネ設備等投資支援事業補助金,0,3,0%,8.67
江戸川区パパママ応援隊,0,3,0%,8.67
紋別郡滝上町空き家補助金,0,3,0%,8.67
練馬区防犯カメラ補助金,0,3,0%,8.67
ev補助金 石川県,0,3,0%,9
サステナブル倉庫モデル促進事業,0,3,0%,9
千代田区 物価高騰対策,0,3,0%,9
国立市 エアコン 補助金,0,3,0%,9
本庄市 リフォーム補助金,0,3,0%,9
東京都 ev補助金 60万円,0,3,0%,9
目黒区 シッター 補助,0,3,0%,9
神戸市 ev 補助金,0,3,0%,9
福岡県 蓄電池 補助金 2025,0,3,0%,9
it導入補助金 2025 上限 450万円,0,3,0%,9.33
厚生労働省 雇用関係助成金 一覧 公式,0,3,0%,9.33
埼玉県第4回lpガス料金負担軽減補助事業,0,3,0%,9.33
小規模事業者持続化補助金 公募スケジュール 2025,0,3,0%,9.33
東村山 市 蓄電池 補助 金,0,3,0%,9.33
港区 引っ越し 助成金,0,3,0%,9.33
滑川市 企業版ふるさと納税,0,3,0%,9.33
越谷市 誰でも通園,0,3,0%,9.33
ビール 仕入れ 補助,0,3,0%,9.67
中川郡美深町空き家補助金,0,3,0%,9.67
仙台市感震ブレーカー設置促進支援事業,0,3,0%,9.67
保育料 補助金,0,3,0%,9.67
小規模事業者持続化補助金 補助上限 2025,0,3,0%,9.67
福岡市ev補助金,0,3,0%,9.67
福岡県ev補助金,0,3,0%,9.67
高知県 働きやすい環境整備事業費補助金,0,3,0%,9.67
所沢市エアコン補助金,0,3,0%,10
武蔵野市 防災 補助金,0,3,0%,10
焼津市 エアコン 補助金,0,3,0%,10
立川市 リフォーム 補助金,0,3,0%,10
全国石油組合 補助金,0,3,0%,10.33
八代市 インフルエンザ 助成,0,3,0%,10.33
東村山 市 リフォーム 補助 金 助成金,0,3,0%,10.33
東村山市 太陽光補助金,0,3,0%,10.33
石巻市空き家補助金,0,3,0%,10.33
上越市 除雪機 補助金,0,3,0%,10.67
先進的省エネ投資促進支援事業 2025,0,3,0%,10.67
千代田区物価高騰対策,0,3,0%,10.67
地域デジタル基盤活用推進事業,0,3,0%,10.67
市原市 フリースクール 補助金,0,3,0%,10.67
東村山 市 リフォーム 補助 金（助成金）,0,3,0%,10.67
藤津郡太良町空き家補助金,0,3,0%,10.67
介護現場のニーズに対応した製品開発支援事業,0,3,0%,11
文京区 省エネ 補助金,0,3,0%,11
東京都介護支援専門員法定研修受講料補助金,0,3,0%,11
結婚助成金 松山,0,3,0%,11
解体費用 海部郡蟹江町,0,3,0%,11
lpガス 補助金 熊本 2025,0,3,0%,11.33
千代田区 暮らし応援ギフトカード 使い方,0,3,0%,11.33
lpガス 補助金 八代市,0,3,0%,11.67
防犯カメラ補助金 個人,0,3,0%,11.67
総務省 地域デジタル基盤活用推進事業,0,3,0%,12
東京都 防犯カメラ 補助金 2025,0,3,0%,13
横浜市 電気 自動車 補助金 いくら,0,3,0%,13
山口県 給付金 最新,0,3,0%,13.67
球磨郡球磨村空き家補助金,0,3,0%,17
研究開発 補助金,0,3,0%,18.33
岡山 コンテナ船,0,3,0%,18.67
音威子府 風俗,0,3,0%,19.33
あきる野市 防犯ガラス,0,3,0%,19.67
太陽光発電事業 姫路市,0,3,0%,20
海部郡蟹江町 火葬場,0,3,0%,20.33
津島市解体補助金,0,3,0%,20.67
加賀市 リフォーム補助金,0,3,0%,21.33